address_id,Longitude,Latitude,Start_date,End_date
1,-116.46900539013515,47.938983274481814,2024-07-03,2024-07-26
2,-76.80284344528755,33.17288156590286,2024-09-07,2024-09-16
3,-74.39483120763344,38.97107733939639,2024-05-14,2024-05-29
4,-112.87981525532346,32.02802618461111,2024-11-21,2024-12-04
5,-94.20967368102302,46.79203023210379,2024-11-04,2024-11-16
6,-92.77565742321505,34.16715675643311,2024-01-06,2024-01-24
7,-112.72539102837422,34.05170285214757,2024-11-21,2024-11-23
8,-107.3235526232748,42.769070801575864,2024-02-29,2024-03-05
9,-91.97540902860982,45.976041998679534,2024-03-15,2024-03-25
10,-93.02479758526792,38.15850985120868,2024-10-07,2024-10-24
11,-110.99165790910835,44.5166771652998,2024-08-07,2024-08-21
12,-70.25630394412153,31.06992654648043,2024-05-11,2024-06-03
13,-89.95472627735401,43.1129010504788,2024-01-02,2024-01-20
14,-100.93788499132265,29.818491924245784,2024-10-26,2024-11-15
15,-117.17092743009546,41.6761405564261,2024-07-01,2024-07-06
16,-123.16286362831488,42.98260879269145,2024-05-23,2024-05-24
17,-68.08786896668556,32.32018892862152,2024-07-12,2024-08-09
18,-96.83233767514193,26.588290801568846,2024-06-09,2024-06-26
19,-89.33858951404794,40.68655993148364,2024-01-27,2024-01-31
20,-123.56195337545643,31.39858772208937,2024-08-22,2024-08-26
21,-97.99821158574525,30.64083364190461,2024-01-11,2024-02-10
22,-75.20330624224084,42.378484151572934,2024-10-02,2024-10-14
23,-111.25704068719624,29.814812183739146,2024-03-17,2024-04-05
24,-77.53402289207108,36.53152027473303,2024-04-20,2024-05-20
25,-116.75404848074204,25.314739895810423,2024-02-09,2024-03-06
26,-83.27688967223884,27.116753771598013,2024-11-07,2024-11-16
27,-97.77444532188503,41.522917752352015,2024-07-27,2024-08-04
28,-120.0900287621789,36.473628651673664,2024-07-04,2024-07-25
29,-93.53869921376824,38.42641789058815,2024-12-12,2025-01-07
30,-121.23641054446627,31.341814567438476,2024-04-26,2024-05-01
31,-119.35945031389942,40.6819942295043,2024-08-06,2024-08-20
32,-95.1346155126177,43.82366693567597,2024-08-19,2024-08-29
33,-70.27243464562594,30.129599066656905,2024-03-16,2024-03-24
34,-119.21489181693022,30.67571308316454,2024-07-20,2024-08-11
35,-111.9266503037353,47.39706053212848,2024-03-06,2024-03-28
36,-75.62307526673803,35.145048733013695,2024-03-21,2024-04-03
37,-79.55062635371226,47.11390222208877,2024-10-19,2024-10-24
38,-104.92784476106934,41.04159826774691,2024-06-19,2024-07-02
39,-118.16720369807307,36.086955103818966,2024-03-17,2024-03-29
40,-69.96505138132311,39.17452104465534,2024-12-12,2024-12-17
41,-100.21332519453345,37.99403712989698,2024-04-28,2024-05-02
42,-103.979557991945,36.47252238462913,2024-05-09,2024-05-10
43,-113.51660806952617,47.28396923212846,2024-06-19,2024-07-11
44,-118.08235701061513,45.83809946621261,2024-12-13,2025-01-09
45,-96.58724671559536,33.31011035587005,2024-06-28,2024-07-12
46,-114.22167647916326,45.62886325828731,2024-08-17,2024-08-21
47,-89.86910908710115,38.24799081832765,2024-05-26,2024-06-03
48,-74.27524137168275,45.476400641295896,2024-08-20,2024-09-09
49,-86.30110200785045,42.682401639552985,2024-11-23,2024-11-24
50,-74.58981015321666,36.060792391447755,2024-03-24,2024-04-06
51,-87.76794536376096,31.10252565500468,2024-05-15,2024-05-27
52,-75.76690606036722,29.391092765684505,2024-04-07,2024-05-06
53,-79.82023488099722,26.642624628225192,2024-11-22,2024-12-06
54,-108.11324758541264,34.62844523770935,2024-02-26,2024-03-17
55,-100.83927319079814,45.361933696027045,2024-07-15,2024-07-24
56,-102.05147488031973,33.30326313020631,2024-11-10,2024-11-19
57,-99.59760767544967,34.84172799815707,2024-12-03,2024-12-05
58,-71.13568588360084,27.297614708842012,2024-12-07,2024-12-17
59,-70.6858840367669,30.953570706890943,2024-01-06,2024-01-14
60,-98.05735061381135,41.424422224665825,2024-07-19,2024-08-16
61,-103.14369026674852,35.72231670393573,2024-08-22,2024-09-02
62,-100.29172002809739,42.55300211679339,2024-11-30,2024-12-11
63,-77.09547223579227,35.42555763638998,2024-08-09,2024-08-20
64,-120.35719311178269,40.624647397857316,2024-03-08,2024-03-25
65,-102.03992295781906,48.280067806074996,2024-10-12,2024-10-13
66,-117.28709092445126,27.746688552056895,2024-08-21,2024-09-03
67,-104.5330825805223,36.481041596951016,2024-11-14,2024-12-07
68,-106.42084783180263,28.581282824822885,2024-10-29,2024-11-18
69,-107.61742252663653,38.897441187975375,2024-12-27,2025-01-16
70,-116.65006164289464,29.222205019970353,2024-11-29,2024-12-08
71,-68.99335762976872,48.14276573961027,2024-05-11,2024-05-27
72,-79.41073383239991,31.79735657450866,2024-05-14,2024-05-26
73,-87.38616881294868,46.65022898830508,2024-11-15,2024-11-20
74,-117.28996096621528,48.80020888137377,2024-06-01,2024-06-06
75,-76.2454856758583,41.629952573425335,2024-03-31,2024-04-05
76,-106.44064310827666,28.736437637401743,2024-06-09,2024-06-26
77,-107.90870093160855,48.29383677535212,2024-10-11,2024-10-21
78,-111.85563261208664,38.98085801065358,2024-09-15,2024-09-16
79,-86.90017955579589,26.134690877356697,2024-09-05,2024-10-01
80,-90.18755780262165,47.9966272885285,2024-11-08,2024-11-17
81,-90.91049202027136,25.249540921338195,2024-12-10,2025-01-08
82,-94.47921948038078,34.55012501930239,2024-01-20,2024-01-31
83,-114.00786244769847,38.382471063372776,2024-08-08,2024-08-19
84,-84.90685185724274,31.34013875170104,2024-02-18,2024-03-13
85,-98.88966683409437,37.969756906704106,2024-11-19,2024-11-29
86,-95.43078307454803,45.51320172107586,2024-02-07,2024-02-27
87,-75.69483247072384,45.994688268547726,2024-02-28,2024-03-07
88,-96.8778903072753,42.10501318896775,2024-03-11,2024-03-25
89,-71.64805232201944,40.81880950848395,2024-02-08,2024-03-04
90,-80.66550983258905,34.033367004819276,2024-10-12,2024-11-11
91,-93.63278973562299,45.99603297465644,2024-06-05,2024-06-11
92,-106.50350183827653,43.10638557881888,2024-05-21,2024-06-20
93,-115.02626844085978,41.67443270199847,2024-05-01,2024-05-04
94,-109.32240812933132,33.93457857164132,2024-06-26,2024-07-25
95,-119.91107183995256,30.395860701604526,2024-07-12,2024-07-23
96,-105.8905218193859,31.070332900006868,2024-05-18,2024-06-11
97,-95.96090543117614,25.44275948192229,2024-03-17,2024-04-01
98,-102.43207585786922,47.77958570924244,2024-06-13,2024-06-19
99,-76.97728772077366,48.595290054082724,2024-01-05,2024-01-12
100,-115.88817690184568,42.51129508818124,2024-05-23,2024-06-01
101,-114.4310487307622,38.57772400485769,2024-01-17,2024-02-07
102,-69.52117166603367,37.624819729810554,2024-03-14,2024-04-12
103,-113.66024311743675,41.555086268445805,2024-12-02,2024-12-04
104,-107.45823161418622,40.74135031724447,2024-11-25,2024-11-28
105,-116.60800585657174,45.090016552101986,2024-03-24,2024-03-27
106,-101.31601624626806,27.346027948337394,2024-04-28,2024-05-17
107,-69.18601402816589,42.90953303778767,2024-05-05,2024-06-02
108,-107.23129327597326,36.92528121115155,2024-02-04,2024-02-28
109,-119.61643719326197,34.84025445755623,2024-02-19,2024-03-08
110,-89.01188060709,39.82727343174541,2024-12-28,2025-01-25
111,-120.5952735134926,45.78329406403492,2024-09-28,2024-10-24
112,-69.46038292340226,36.06208527384237,2024-04-21,2024-05-04
113,-98.87480013613094,40.11304536056615,2024-07-25,2024-08-24
114,-68.25480506956313,26.819679575343244,2024-01-28,2024-02-04
115,-114.74975477544088,37.00927444957177,2024-03-07,2024-04-01
116,-69.24783732464397,44.2650362273369,2024-07-25,2024-08-01
117,-89.41730868135389,35.652785222112485,2024-11-19,2024-11-22
118,-70.47324788747574,47.51097431529812,2024-05-10,2024-05-11
119,-92.97560004680841,35.13403939594987,2024-09-27,2024-10-02
120,-109.92109157050339,46.5532735412439,2024-01-01,2024-01-02
121,-76.57336991813256,36.19839767613897,2024-03-02,2024-03-13
122,-74.57549801192368,30.885451287842685,2024-03-21,2024-04-15
123,-105.00294261913092,26.663261133652718,2024-11-27,2024-12-17
124,-105.85645701988673,39.172056842778964,2024-01-13,2024-01-15
125,-91.35897298829569,42.00293026720692,2024-12-13,2024-12-26
126,-80.53876581260835,31.70547428557627,2024-05-13,2024-06-11
127,-100.02049263859209,25.607288368149838,2024-05-24,2024-05-27
128,-120.25075187703585,38.35971636897567,2024-02-24,2024-02-29
129,-115.52603626961425,43.44067717939946,2024-06-09,2024-06-24
130,-118.27331981732313,26.418192683506373,2024-05-23,2024-05-29
131,-83.2507771795716,47.98527217085331,2024-06-03,2024-06-04
132,-91.22912447214506,44.52390822057546,2024-03-29,2024-04-22
133,-88.48935169558544,35.8699007646583,2024-01-31,2024-02-09
134,-77.5358045399712,42.09469684871698,2024-08-28,2024-09-15
135,-99.81212281936703,45.16678165636798,2024-01-17,2024-02-06
136,-97.4387076178345,28.36026271689292,2024-02-10,2024-03-03
137,-95.41245921468834,41.019006187649275,2024-03-21,2024-03-27
138,-82.40656582831886,33.67414222173281,2024-11-13,2024-11-29
139,-124.76303941554094,40.59999114918584,2024-12-15,2025-01-05
140,-109.35380060785194,27.89231432857804,2024-06-18,2024-06-27
141,-74.41162815925252,37.19145642605334,2024-01-31,2024-03-01
142,-70.13822706207878,31.463107445099702,2024-03-22,2024-03-26
143,-67.23763649532017,48.564593687529126,2024-03-24,2024-03-25
144,-67.62283528369707,27.90590237536411,2024-11-26,2024-12-06
145,-83.79561511653128,40.98965606968726,2024-07-21,2024-08-05
146,-74.79706482057139,47.300905393686776,2024-11-25,2024-12-18
147,-82.4655961138507,25.205256887406087,2024-10-19,2024-11-07
148,-112.25286638322527,42.7853369572027,2024-12-24,2024-12-26
149,-107.60671198464324,43.51181360637038,2024-08-14,2024-08-31
150,-68.28557231620027,35.619841828259766,2024-12-23,2025-01-09
151,-85.13199866644065,32.07246496363812,2024-12-10,2024-12-26
152,-66.74085848200977,27.776964749194587,2024-10-06,2024-10-08
153,-121.80086284921386,35.90481356757047,2024-04-26,2024-05-20
154,-99.5008401856505,47.12761475257908,2024-04-22,2024-05-03
155,-115.9567629425396,33.997243768504106,2024-07-22,2024-07-27
156,-107.46939575135202,32.419410211951146,2024-07-07,2024-07-21
157,-81.00292055753363,38.07371190629635,2024-07-25,2024-07-31
158,-82.48495134128112,31.24551949743462,2024-11-21,2024-12-01
159,-82.18738595201681,27.952270466317557,2024-10-10,2024-10-12
160,-87.26394947793962,37.57826652843168,2024-01-12,2024-01-14
161,-94.48520788198195,26.343430330562967,2024-09-21,2024-10-14
162,-107.60553501137882,45.23663816277983,2024-09-01,2024-09-25
163,-80.0448661686147,40.370058926916585,2024-10-08,2024-11-04
164,-120.70894475256681,48.20489390924888,2024-07-25,2024-08-13
165,-98.64415242676817,37.172537662143654,2024-08-28,2024-09-19
166,-101.48923100391441,25.41840403210326,2024-04-25,2024-04-26
167,-98.43749907240603,42.069476474587574,2024-01-22,2024-02-03
168,-121.41056933194554,26.711342264424715,2024-08-08,2024-08-27
169,-96.66853126802152,48.93901468266552,2024-02-01,2024-02-25
170,-77.79170313035186,30.11626418169451,2024-04-17,2024-05-13
171,-84.84588645004503,26.072768125965467,2024-10-14,2024-10-20
172,-77.84265243118908,39.53492270327992,2024-07-25,2024-08-14
173,-99.83634856030235,36.14235531582583,2024-12-05,2024-12-28
174,-108.67771696321753,37.86141482787887,2024-01-17,2024-02-13
175,-111.76806027446284,32.73704844474092,2024-06-06,2024-06-27
176,-66.41236195460715,42.311727297433364,2024-03-28,2024-04-25
177,-117.69343977350817,38.49301850657022,2024-05-01,2024-05-20
178,-91.06829302000071,32.20807292524904,2024-10-23,2024-11-12
179,-93.09749501241313,45.159590600653594,2024-12-05,2024-12-12
180,-84.34184003280532,47.6659234018569,2024-11-03,2024-11-18
181,-96.74700399994259,47.62734025665695,2024-01-11,2024-01-16
182,-107.3658146842337,29.850729003487423,2024-11-17,2024-12-05
183,-116.61850617575465,36.54011033468439,2024-12-20,2024-12-28
184,-84.49366487654896,31.145991437795523,2024-12-28,2025-01-18
185,-107.94371999260817,33.32055685814966,2024-06-20,2024-07-19
186,-94.29871051786664,25.388198774690487,2024-09-27,2024-10-25
187,-120.95443449232187,37.42091391526212,2024-11-09,2024-11-27
188,-86.20702093938881,25.010664852267407,2024-08-07,2024-08-30
189,-84.2420119909358,45.42161210167063,2024-05-11,2024-06-06
190,-99.68124803209267,32.89045512428304,2024-05-31,2024-06-28
191,-91.50785043008472,38.98947935136748,2024-10-15,2024-10-16
192,-66.5030316581553,39.6267908714286,2024-07-14,2024-08-03
193,-103.37917731089567,45.04281667685231,2024-02-13,2024-03-10
194,-109.85024817902834,34.88748493619649,2024-04-14,2024-04-30
195,-109.61258064459379,34.381821748452566,2024-03-29,2024-04-06
196,-83.77628742678552,29.73116843614647,2024-02-24,2024-03-16
197,-81.30586099433535,32.65049947702546,2024-12-12,2025-01-04
198,-79.49731571182994,47.28699783721143,2024-08-05,2024-08-29
199,-117.31584864034613,32.1873237977386,2024-01-20,2024-02-04
200,-80.97953407022207,39.058130692805605,2024-11-13,2024-12-02
201,-119.05205104129699,32.57193714331788,2024-10-15,2024-11-08
202,-98.9276442581386,44.00703781908767,2024-03-25,2024-04-15
203,-88.5946965396495,38.24881455382142,2024-11-06,2024-11-20
204,-90.20598244624992,34.79737019365601,2024-06-10,2024-07-03
205,-105.64685398545265,46.67573891296398,2024-11-19,2024-12-05
206,-82.6809720299911,26.462464286012032,2024-10-01,2024-10-31
207,-106.78072036587108,39.8931336409914,2024-11-22,2024-12-14
208,-124.55436185419097,46.74026850003729,2024-04-15,2024-05-07
209,-86.38033196961247,25.063358085622585,2024-08-21,2024-09-11
210,-83.9510337648654,29.77724308100837,2024-08-25,2024-09-15
211,-69.45061240723737,32.675349824166474,2024-02-16,2024-02-28
212,-87.43811297317504,38.35770262797904,2024-01-22,2024-02-02
213,-72.13136368693262,35.34828755852267,2024-10-03,2024-10-13
214,-109.46506779351068,32.385584401892764,2024-03-09,2024-03-13
215,-89.6190685632175,40.11208299084024,2024-07-19,2024-08-05
216,-69.15383579574001,48.84488222398632,2024-07-10,2024-07-19
217,-79.35205415478373,33.58381986064289,2024-12-11,2024-12-21
218,-66.87243954488544,33.508237180175556,2024-04-15,2024-05-02
219,-85.75892371366788,31.117239342393187,2024-01-06,2024-01-11
220,-115.6445025179127,25.318062771247018,2024-07-11,2024-07-14
221,-72.9022851862643,30.732773392058323,2024-03-07,2024-03-10
222,-72.10378710642357,27.585825768563904,2024-03-20,2024-04-04
223,-113.00376833698647,38.19192305231919,2024-12-08,2024-12-23
224,-77.15444023977925,36.349807448390074,2024-11-09,2024-11-24
225,-113.59100866178163,41.26153918283296,2024-05-12,2024-06-02
226,-68.81658257321467,29.776381952068682,2024-09-25,2024-10-15
227,-108.28055091396564,35.357761722040365,2024-02-24,2024-03-16
228,-111.86504893870898,29.50940027343898,2024-09-10,2024-10-01
229,-75.72641492626408,46.97954059383731,2024-05-18,2024-06-13
230,-66.65190435546428,25.58503517859624,2024-07-15,2024-08-04
231,-81.55776930634806,48.30883769544252,2024-04-20,2024-05-01
232,-78.19410479306049,29.809290339171863,2024-10-29,2024-11-04
233,-85.69868360270812,25.138841693300257,2024-02-08,2024-02-21
234,-80.65594809394487,32.82931741396361,2024-09-23,2024-10-06
235,-70.42074196622707,35.78065271728535,2024-01-16,2024-01-26
236,-121.18728685019506,29.67576716751241,2024-11-01,2024-11-12
237,-120.84701216163782,44.54318895558788,2024-11-23,2024-12-11
238,-120.61038718928006,37.527260878112465,2024-10-31,2024-11-30
239,-94.91337009098089,36.89513881152985,2024-01-05,2024-02-04
240,-105.78069884879186,33.587585851317115,2024-12-14,2024-12-24
241,-99.13539969930301,33.16380192705997,2024-10-13,2024-10-31
242,-95.60730703968443,29.752959134541577,2024-01-30,2024-02-05
243,-67.29328803362579,40.73308696610666,2024-02-28,2024-03-06
244,-84.84242004574091,27.995353728737854,2024-09-15,2024-09-24
245,-67.90326353967556,33.06179827973709,2024-12-23,2025-01-13
246,-118.02115251263682,30.99722745624425,2024-09-11,2024-09-25
247,-75.19305234454438,48.04708693781231,2024-12-31,2025-01-28
248,-93.41285176788313,36.7526086193645,2024-12-17,2025-01-01
249,-104.71236924380747,48.81022728473978,2024-04-29,2024-05-12
250,-75.70174597773283,28.461487436995608,2024-11-19,2024-11-30
251,-119.68654400280558,27.832629619169627,2024-08-28,2024-09-23
252,-106.44445188005426,36.485954965040975,2024-12-14,2025-01-10
253,-104.33366667269428,43.04778038597759,2024-10-05,2024-10-24
254,-78.78528151557893,34.457490519075414,2024-02-19,2024-03-12
255,-101.66274714980894,25.692730437649118,2024-04-03,2024-04-24
256,-108.35361343781719,28.084926166022072,2024-10-17,2024-11-12
257,-81.34825327908915,28.04958822155342,2024-08-01,2024-08-28
258,-115.26837050707742,43.482898599349454,2024-08-07,2024-08-21
259,-81.97033945135016,44.91100808339111,2024-11-21,2024-12-07
260,-121.42022701536754,37.975882404003585,2024-12-17,2024-12-27
261,-122.15019114228554,29.12229511686643,2024-10-04,2024-10-12
262,-74.50260763431022,38.02042582750579,2024-11-08,2024-11-22
263,-66.06138237033404,47.888371561016356,2024-09-05,2024-09-26
264,-85.8554282864344,26.329543007805675,2024-03-27,2024-04-12
265,-85.77973138596587,37.955349874178836,2024-03-31,2024-04-13
266,-68.75324043466216,39.28508184958666,2024-01-05,2024-01-17
267,-77.80675944579725,47.64835470670996,2024-11-06,2024-11-19
268,-82.93148795284984,43.63199914545416,2024-12-12,2024-12-16
269,-84.35333262904331,41.78051642422647,2024-02-16,2024-03-05
270,-109.59182773268955,33.09892150039904,2024-04-02,2024-04-15
271,-112.59090686510432,36.334971151861744,2024-02-05,2024-02-10
272,-81.18258563784883,31.10278388895086,2024-01-24,2024-02-22
273,-74.54183973400497,35.31611461444186,2024-01-19,2024-01-29
274,-68.34748429374767,28.267608214502363,2024-08-08,2024-09-07
275,-112.8069477301503,32.98276741725297,2024-12-17,2025-01-05
276,-114.0627697796976,29.25228344401751,2024-06-21,2024-07-05
277,-73.83239432397934,41.35921627913843,2024-08-18,2024-09-10
278,-120.22315374701499,38.20381083041197,2024-11-18,2024-11-30
279,-66.73458755472208,26.536814560892,2024-10-31,2024-11-09
280,-83.85722261368942,37.39298394221151,2024-01-29,2024-02-15
281,-114.61832451802778,44.60460466083215,2024-01-27,2024-02-03
282,-76.82395856368447,31.209786339403443,2024-06-21,2024-07-04
283,-116.88198217827765,41.89304632591763,2024-05-24,2024-05-30
284,-122.88613309977468,41.43663408088442,2024-07-19,2024-07-28
285,-92.65422213305396,27.907243250339377,2024-04-18,2024-05-05
286,-95.15535249757394,40.10233617983641,2024-09-04,2024-09-19
287,-68.34719714821618,45.66679981376166,2024-08-17,2024-09-10
288,-72.44956066509057,44.69182796553102,2024-02-20,2024-03-17
289,-79.6412940028887,36.914038571746616,2024-02-29,2024-03-16
290,-76.18651702064021,34.870859580870146,2024-06-06,2024-07-01
291,-112.99050260721252,44.32013100399268,2024-03-24,2024-04-23
292,-84.21758672775769,46.71493790770096,2024-06-29,2024-07-10
293,-110.52392314403899,29.574947080409476,2024-07-19,2024-07-29
294,-82.45637964683758,38.724633786795486,2024-05-26,2024-06-23
295,-86.01679341718133,28.245836520350995,2024-09-12,2024-10-12
296,-69.38829382043173,37.26410814260606,2024-02-02,2024-02-21
297,-86.18942464140544,42.075224213473255,2024-10-03,2024-10-16
298,-67.6477525950095,44.12514419747346,2024-09-30,2024-10-30
299,-80.55923204322272,45.47783975804346,2024-10-07,2024-10-14
300,-123.61819045706785,38.113003992110634,2024-11-13,2024-12-09
301,-87.77507519852179,47.62172164976668,2024-01-12,2024-01-23
302,-103.72997109125782,44.375855578949825,2024-08-23,2024-08-28
303,-97.64832556662527,40.28054203759818,2024-02-26,2024-03-04
304,-66.45066566877068,38.18733188650487,2024-02-09,2024-03-10
305,-93.85554891470352,31.786817645385266,2024-06-08,2024-06-11
306,-77.34151392111447,32.170482238483906,2024-08-04,2024-08-19
307,-112.33902669683386,34.28959224348366,2024-05-05,2024-05-19
308,-82.54381497806736,25.280467089740753,2024-12-09,2024-12-18
309,-116.23737048458624,39.280739624982786,2024-10-26,2024-10-31
310,-67.23622318463273,33.611635836225545,2024-06-21,2024-07-15
311,-88.21017731308885,41.717447013963266,2024-05-03,2024-05-15
312,-105.34826822143546,45.89994741067686,2024-07-15,2024-07-23
313,-120.42111432447838,46.40871703605258,2024-08-02,2024-08-20
314,-98.9955834723783,33.128337135520454,2024-03-01,2024-03-11
315,-109.61188542719742,39.402138592601766,2024-01-02,2024-01-04
316,-122.04302924742368,33.952588539577434,2024-08-25,2024-08-27
317,-105.8036931783027,42.965115995603774,2024-12-28,2025-01-26
318,-101.58452126720914,33.05493268515413,2024-05-03,2024-05-12
319,-122.89693499164373,28.717238613346,2024-02-21,2024-03-14
320,-112.84924675520145,28.274244430840692,2024-11-01,2024-11-04
321,-116.02159146520306,27.53185113173653,2024-06-26,2024-07-01
322,-101.95304875202413,37.04998357373077,2024-06-10,2024-06-25
323,-107.1505376593458,32.5224678282617,2024-05-23,2024-05-27
324,-94.21545796566375,33.95010450638926,2024-09-21,2024-10-21
325,-76.62316930734251,37.52599881455096,2024-11-22,2024-12-21
326,-120.18978598552167,37.63394897217664,2024-09-15,2024-10-02
327,-87.21044014171187,27.431624370087178,2024-09-01,2024-09-17
328,-124.32051700477518,44.041199307596784,2024-12-20,2025-01-17
329,-109.77490919209563,40.31702515618395,2024-04-16,2024-04-21
330,-70.26015961691684,31.085582228082032,2024-01-24,2024-02-13
331,-117.79247947662195,46.86662894060795,2024-10-05,2024-11-04
332,-95.01820578244106,35.081755170801316,2024-12-27,2025-01-10
333,-102.07832872742529,39.86303406726827,2024-01-26,2024-02-05
334,-74.2631600024979,44.26698046999222,2024-12-30,2025-01-10
335,-82.92674056114816,42.582870689663494,2024-07-05,2024-07-23
336,-68.6223626736395,42.925795432203955,2024-07-10,2024-07-11
337,-89.6910981134237,35.31716039142051,2024-09-18,2024-10-13
338,-96.37835695007375,36.10498921506054,2024-04-25,2024-05-08
339,-82.14540518730425,31.087946998142744,2024-02-05,2024-02-06
340,-67.22437208089687,41.71074530333861,2024-10-07,2024-10-08
341,-75.46988031488263,36.10611551595335,2024-05-26,2024-06-22
342,-98.47462670542104,38.61062822026137,2024-03-17,2024-03-30
343,-111.77032872877098,32.035707351491396,2024-11-20,2024-12-01
344,-115.27353399748333,38.31673857524799,2024-08-05,2024-08-17
345,-86.53664239005943,36.79960667458895,2024-09-21,2024-10-03
346,-106.68189503616512,44.30837566114532,2024-02-10,2024-02-29
347,-99.14323838813638,28.356356427353123,2024-10-10,2024-11-02
348,-92.38928749323921,30.55220023558482,2024-03-20,2024-04-05
349,-120.04723872491257,43.99120097716922,2024-05-23,2024-06-05
350,-119.71101812309064,42.50622243605874,2024-10-05,2024-11-01
351,-115.83495524213373,28.51086987865159,2024-01-18,2024-02-17
352,-115.19552065893599,25.775526099048218,2024-09-05,2024-09-14
353,-92.28920425167665,27.509644205136723,2024-10-08,2024-10-23
354,-123.34143492674424,44.9310413970625,2024-12-04,2025-01-01
355,-109.40485230071828,29.147374941749256,2024-11-21,2024-12-04
356,-75.23314429371396,38.40769987334067,2024-01-24,2024-02-23
357,-91.04082114628706,26.07797981088177,2024-12-08,2024-12-13
358,-116.41713339211965,33.900026324120304,2024-09-04,2024-09-20
359,-92.12529196536573,25.44796035406553,2024-09-14,2024-10-07
360,-110.76918260384222,33.05304157346019,2024-03-16,2024-03-23
361,-102.6748026208857,26.24474929926869,2024-11-06,2024-11-19
362,-120.45668712466642,48.50655506042179,2024-12-17,2024-12-30
363,-107.68651999260648,43.733933049267044,2024-05-17,2024-05-19
364,-86.68633414111983,33.263206300852914,2024-05-21,2024-06-11
365,-103.10483774670509,38.33694406084044,2024-02-24,2024-03-13
366,-107.69896146163364,30.381458784847247,2024-09-08,2024-09-12
367,-90.55590506189627,28.344199147433677,2024-04-25,2024-05-22
368,-117.51764901379413,27.129916820477476,2024-09-11,2024-09-17
369,-116.99083765975058,46.56652589979046,2024-06-05,2024-06-09
370,-89.4854047472661,44.43743363132779,2024-06-22,2024-07-15
371,-86.75689716642694,36.24198492278167,2024-07-23,2024-08-02
372,-77.03356102725655,45.202143532769426,2024-09-18,2024-10-09
373,-68.05553903821146,25.955612980697325,2024-03-27,2024-04-12
374,-71.84996822533108,48.33485723127842,2024-01-05,2024-01-10
375,-66.26166651314904,40.7442606665439,2024-12-06,2024-12-23
376,-124.43242635542894,46.82259648092989,2024-08-02,2024-08-03
377,-66.51690801287592,25.68856586039321,2024-08-11,2024-09-08
378,-110.01043314075523,32.555386305239395,2024-12-24,2024-12-28
379,-101.94842978290595,43.82804929939597,2024-06-08,2024-06-20
380,-90.58487119357832,40.973109936374264,2024-12-02,2024-12-22
381,-90.4980406422728,33.07316312048633,2024-09-11,2024-10-03
382,-111.63577997280407,31.16645041257911,2024-11-12,2024-12-12
383,-87.49042200473325,26.587533900863168,2024-10-10,2024-10-22
384,-83.0551785298993,41.61622794115429,2024-12-28,2025-01-27
385,-108.479215836244,40.72990128574783,2024-05-22,2024-06-19
386,-67.22168987727449,28.715996181615697,2024-05-07,2024-05-10
387,-86.01947424203381,36.96860816515482,2024-04-23,2024-04-24
388,-89.38229957653564,45.52548709300713,2024-09-11,2024-09-13
389,-92.48604210129238,34.27781637209244,2024-07-16,2024-07-24
390,-121.57575473297727,44.61454970015204,2024-05-03,2024-05-06
391,-92.16123085379658,46.57092744835179,2024-01-29,2024-02-24
392,-79.22669186352894,47.490395442220596,2024-02-14,2024-03-01
393,-122.16733694852466,36.56098038115966,2024-02-23,2024-03-15
394,-93.78529889240555,43.80560214777361,2024-03-16,2024-04-02
395,-98.56068864843633,27.00621595772463,2024-10-22,2024-10-29
396,-120.75368164542229,30.21285974437275,2024-04-09,2024-04-22
397,-108.47392213528525,37.908262834834616,2024-11-25,2024-12-10
398,-113.96578414414883,35.384346558454155,2024-06-04,2024-06-06
399,-88.5953465700358,25.83466289162038,2024-02-21,2024-02-28
400,-104.32432817082244,33.04297579163989,2024-03-14,2024-04-06
401,-68.03541500415801,42.810551568420614,2024-09-29,2024-10-23
402,-105.50446770468908,48.89021023232844,2024-07-03,2024-07-15
403,-111.77555208873581,31.851872921630928,2024-05-06,2024-05-21
404,-102.87877226020889,37.24354802501638,2024-11-04,2024-11-10
405,-108.33036032043847,44.86070705960212,2024-07-12,2024-07-16
406,-104.8945856746823,32.21266264796321,2024-12-21,2025-01-07
407,-97.62688670804027,31.12294255070219,2024-12-29,2024-12-31
408,-115.68711424960246,39.758959161954074,2024-03-04,2024-03-10
409,-83.47931619571429,43.70667718471309,2024-04-23,2024-04-25
410,-115.31064623862731,46.029324175834326,2024-06-07,2024-06-19
411,-73.22381117753682,25.4447228090288,2024-09-15,2024-10-08
412,-91.68302928249693,31.40684692047515,2024-03-02,2024-03-29
413,-78.72709731697671,36.46653859003619,2024-02-24,2024-02-25
414,-84.36495311490955,26.03751519241473,2024-01-20,2024-02-19
415,-84.04289769875318,33.82746215740731,2024-03-28,2024-04-23
416,-102.11250357442543,27.62141666316893,2024-09-07,2024-09-28
417,-108.63566831091833,36.90489225493164,2024-10-11,2024-10-20
418,-117.5511607620386,46.39375004891991,2024-03-03,2024-03-17
419,-94.48167088256213,31.06135775193962,2024-07-24,2024-08-02
420,-99.32186452650053,34.51930504993264,2024-07-04,2024-08-01
421,-90.05855274834153,41.88004030806606,2024-07-01,2024-07-12
422,-102.15190104933748,29.74494633219968,2024-01-15,2024-01-23
423,-122.86807705851584,26.924312196066424,2024-11-24,2024-12-14
424,-110.8538578974323,37.3136865611211,2024-07-20,2024-08-10
425,-112.7873070811732,31.85373425177147,2024-03-08,2024-03-11
426,-94.96014485652448,40.88811922412638,2024-01-25,2024-02-10
427,-83.80083716077218,28.21215753579424,2024-04-01,2024-04-24
428,-116.01490725327855,48.05885068558703,2024-02-13,2024-03-07
429,-99.2798833540834,42.692287410335545,2024-04-30,2024-05-12
430,-123.2804989128987,38.6166249516311,2024-12-20,2024-12-21
431,-95.27696593082314,34.59206822127808,2024-04-01,2024-04-08
432,-113.24893080920714,33.86250882455022,2024-10-08,2024-10-26
433,-89.73915061521869,43.16843923946048,2024-08-10,2024-08-20
434,-124.4150279118572,47.748243948518144,2024-10-12,2024-11-04
435,-74.45882003249827,48.20665956407212,2024-02-22,2024-02-25
436,-114.54529539029524,34.20102309219728,2024-06-04,2024-06-16
437,-74.75500333026812,43.204470369857034,2024-10-06,2024-10-29
438,-103.98114209973718,28.84391252359787,2024-06-06,2024-06-19
439,-76.83885091573705,46.53700899162419,2024-12-05,2024-12-08
440,-123.6100692402284,40.28566776868904,2024-02-02,2024-02-03
441,-104.8802209673197,42.298179871948605,2024-04-24,2024-04-30
442,-88.23673998965477,27.81236915349868,2024-05-11,2024-06-05
443,-79.50779125060575,42.36692402034028,2024-04-11,2024-05-10
444,-69.36828074972775,45.72372353960955,2024-05-08,2024-05-13
445,-114.30508229645892,27.395136582882284,2024-01-19,2024-02-16
446,-119.36487207959021,32.544454049567236,2024-02-14,2024-02-27
447,-119.19705258026188,26.36593590597981,2024-07-02,2024-07-21
448,-96.97459813344747,27.274576230463744,2024-01-02,2024-01-16
449,-105.85141690665138,30.75590724452691,2024-10-27,2024-11-04
450,-120.58372036275773,39.02178653616189,2024-06-19,2024-06-27
451,-104.06067980857858,25.376343553308978,2024-06-07,2024-06-11
452,-83.65678697680087,40.16059467742703,2024-11-13,2024-11-28
453,-100.02097264744638,36.34959088318493,2024-04-30,2024-05-04
454,-123.57407215224436,26.78114122229476,2024-09-30,2024-10-21
455,-115.44492130635366,40.92823200992591,2024-01-30,2024-02-27
456,-115.32851242174843,38.94480468244457,2024-03-17,2024-03-28
457,-95.88817720098079,29.553382841154807,2024-01-09,2024-02-03
458,-123.46623037041678,30.48978319410459,2024-03-02,2024-03-10
459,-87.77910440396363,30.093204734644093,2024-01-02,2024-01-25
460,-104.41519517174785,30.86809628689273,2024-12-29,2025-01-10
461,-108.30193117782046,30.24856267204877,2024-06-30,2024-07-17
462,-85.47769643310829,45.462620234208984,2024-04-28,2024-05-19
463,-102.05115452128274,37.61466375793459,2024-12-17,2025-01-02
464,-73.03061817067788,35.71741339705753,2024-12-27,2025-01-05
465,-91.89127147410522,46.62244127135695,2024-10-05,2024-10-24
466,-74.57899422798891,27.24059203419794,2024-04-18,2024-05-16
467,-86.54729007818361,29.511821725827176,2024-05-19,2024-06-07
468,-110.79376966788051,33.10911899502554,2024-01-05,2024-01-18
469,-90.73378627393897,48.5134371873348,2024-06-07,2024-06-21
470,-123.23038366651139,36.747145481219945,2024-08-03,2024-08-15
471,-93.48023847583974,27.43456120914646,2024-09-25,2024-10-01
472,-122.85534610649225,45.95758998946587,2024-11-22,2024-12-14
473,-113.62451395175101,30.761473304589007,2024-05-09,2024-05-13
474,-81.75797705873953,36.86050270794907,2024-07-19,2024-08-12
475,-90.8808367649497,31.988050307989514,2024-01-01,2024-01-28
476,-118.4373556373281,34.65109404376452,2024-12-13,2025-01-07
477,-104.5119688401892,37.45384338175838,2024-11-13,2024-11-18
478,-75.88920327691018,29.22449756165448,2024-10-03,2024-10-26
479,-122.38887014352886,41.985865906899285,2024-05-02,2024-05-29
480,-77.50800652962695,35.75858110717803,2024-08-31,2024-09-20
481,-124.11901215454195,41.28112658936047,2024-02-13,2024-02-15
482,-91.5770056168949,37.00513975071968,2024-06-29,2024-07-06
483,-76.74344372109518,30.666236812566602,2024-01-19,2024-01-26
484,-111.03451827976478,40.114538380374704,2024-05-11,2024-06-04
485,-85.58798509200514,32.71607289532122,2024-10-14,2024-11-04
486,-109.98030088334514,44.590918977615196,2024-07-07,2024-07-28
487,-121.08170578271053,27.198864352190817,2024-10-22,2024-10-23
488,-69.22146809965713,45.79116739596366,2024-11-21,2024-12-03
489,-72.80713225121511,45.6717114435954,2024-10-16,2024-11-03
490,-102.07348057207942,25.39527803284725,2024-05-28,2024-06-15
491,-71.53059971062413,42.38000901952111,2024-12-14,2025-01-13
492,-109.09280320062791,44.22369322131463,2024-03-29,2024-04-23
493,-108.42453961884115,39.62686698525782,2024-02-12,2024-03-10
494,-81.05044481926657,36.01670114295901,2024-03-16,2024-03-24
495,-88.97336148652806,38.59723848937629,2024-11-20,2024-12-03
496,-114.87497349148651,38.74953636808527,2024-04-17,2024-05-06
497,-90.06572886861204,36.15339853928189,2024-12-09,2025-01-07
498,-73.86481384454973,39.19100798734089,2024-05-26,2024-06-14
499,-87.43413769016948,46.15313348799452,2024-03-15,2024-04-03
500,-114.67677367527384,29.900316081152376,2024-04-24,2024-05-23
501,-97.32185449743413,33.72157537402015,2024-12-05,2025-01-02
502,-107.29893878167492,48.813454717453936,2024-07-24,2024-08-15
503,-114.4468455975439,47.22044371207798,2024-12-14,2025-01-05
504,-87.65149289872564,34.052452137975884,2024-10-09,2024-11-08
505,-100.90196937494937,43.163901570251504,2024-12-13,2024-12-27
506,-77.20428949147554,37.75380081836421,2024-10-22,2024-10-29
507,-85.09611665306255,32.869955422556664,2024-02-29,2024-03-24
508,-81.37648405357817,44.8332791687887,2024-02-12,2024-03-12
509,-72.83071742446643,37.61436442162514,2024-05-09,2024-05-19
510,-101.23964495059062,47.98340748346693,2024-07-16,2024-07-26
511,-97.43922098641218,31.660866814787227,2024-05-02,2024-05-13
512,-80.67315932265551,29.06387059714994,2024-07-08,2024-07-11
513,-88.9308869971515,26.507651267025242,2024-08-14,2024-08-30
514,-91.6814412711759,36.599418142677834,2024-09-10,2024-09-23
515,-78.75349875128401,47.94374186373646,2024-04-23,2024-04-26
516,-101.35800519547479,43.28152243234213,2024-12-17,2025-01-07
517,-104.7632948245036,32.86564366617971,2024-01-10,2024-01-28
518,-99.5147291791296,46.888373936587115,2024-12-12,2024-12-25
519,-85.1548894707751,42.00634802655065,2024-10-25,2024-11-17
520,-77.54526387607388,45.46441191075763,2024-03-04,2024-03-13
521,-89.49008465284103,46.302910917567296,2024-08-15,2024-08-27
522,-86.59085036083336,26.65019300450456,2024-08-25,2024-09-03
523,-111.68220629235498,41.625443151595654,2024-02-07,2024-02-19
524,-106.55204711845954,25.800985431944962,2024-07-19,2024-08-14
525,-110.87436657837134,36.690362967866506,2024-09-04,2024-09-05
526,-92.91944950704759,35.326709696374465,2024-10-26,2024-11-14
527,-84.46765790473773,47.7753328410039,2024-09-10,2024-09-20
528,-73.72407052978798,48.860214450109964,2024-02-24,2024-03-12
529,-84.1109996690868,39.61302834046076,2024-04-04,2024-04-22
530,-86.34008004937208,37.89256759969139,2024-01-20,2024-02-15
531,-112.07838367130111,29.650406601514938,2024-08-01,2024-08-14
532,-104.28413712936256,39.23838143443772,2024-03-22,2024-04-02
533,-108.44775255104585,40.6633358902888,2024-08-31,2024-09-22
534,-110.69142926634908,27.92648244152348,2024-10-09,2024-11-07
535,-67.14994368427286,39.77493284011717,2024-11-30,2024-12-26
536,-88.52473989241372,37.05755745158689,2024-03-26,2024-04-11
537,-108.25008491530433,45.15212289513833,2024-09-22,2024-10-12
538,-98.62742894763281,27.07857700367185,2024-11-05,2024-11-06
539,-71.33512393136976,26.29602192195936,2024-08-20,2024-09-17
540,-115.9264509409143,38.46501735499133,2024-10-12,2024-11-04
541,-99.05256523473386,31.811522204967833,2024-01-27,2024-01-31
542,-105.50682165135875,37.715301766791285,2024-06-06,2024-06-17
543,-67.47083348614971,29.88792244330198,2024-02-21,2024-03-12
544,-112.27743929788664,38.03025112787759,2024-05-09,2024-06-02
545,-87.76466565056052,33.39085673612403,2024-06-15,2024-07-02
546,-108.5857069249096,31.00764329483479,2024-09-29,2024-10-06
547,-75.31797923225051,38.59878713107116,2024-03-11,2024-04-06
548,-89.06030252894766,31.666560584343976,2024-02-07,2024-02-12
549,-113.66997332516891,27.354312150298306,2024-01-17,2024-02-13
550,-71.32736631627229,28.871040940230365,2024-05-14,2024-05-19
551,-85.77667487507074,35.83880113043901,2024-08-28,2024-09-08
552,-71.15264449899746,36.84031733858977,2024-01-09,2024-02-04
553,-114.12456885689365,46.96233493775137,2024-08-14,2024-08-21
554,-77.65090159488932,45.95154272516746,2024-07-18,2024-08-14
555,-99.66026798431061,42.429365070749995,2024-09-03,2024-09-07
556,-86.73075075214797,29.131253345105627,2024-11-06,2024-11-28
557,-110.71281243966973,33.05452115021872,2024-11-18,2024-12-04
558,-123.67975106491951,42.659405345511985,2024-10-26,2024-11-21
559,-108.82396839364324,45.31873937266904,2024-02-24,2024-03-11
560,-99.22235013898424,39.586616653399666,2024-09-24,2024-10-03
561,-77.04150695722473,33.3719297633515,2024-09-27,2024-10-03
562,-79.63226169369835,48.6288617396079,2024-04-17,2024-04-21
563,-106.1623229503855,29.142799612406044,2024-11-18,2024-12-08
564,-120.81006456150955,36.65850041683875,2024-11-10,2024-11-22
565,-67.35857245645607,29.08594839449192,2024-03-16,2024-04-02
566,-72.00821525515525,31.76377808221584,2024-10-07,2024-11-01
567,-85.87437027891173,33.547267934192185,2024-10-31,2024-11-13
568,-100.3401824369009,44.310472169393435,2024-12-30,2025-01-24
569,-104.40933319146828,47.27672019013491,2024-07-30,2024-08-08
570,-98.80629375416785,34.28084442302304,2024-03-22,2024-04-18
571,-119.69554253051805,32.59964500029866,2024-01-31,2024-02-29
572,-79.51199385300195,34.32461536386167,2024-02-04,2024-02-12
573,-88.77967350126386,32.59851700140245,2024-12-01,2024-12-25
574,-96.58075097676993,39.908854237306585,2024-01-08,2024-01-30
575,-88.61874687198713,31.55315202444975,2024-12-07,2024-12-15
576,-98.45336719691197,36.693672521552884,2024-09-05,2024-09-19
577,-117.7984131017974,26.07324861733302,2024-07-09,2024-07-14
578,-118.37717675954796,37.94363404012172,2024-09-01,2024-09-12
579,-68.53600693618952,32.55116755329854,2024-02-28,2024-03-19
580,-121.50361706730641,40.337790583323,2024-12-27,2025-01-06
581,-67.99392344794535,36.170599897444305,2024-09-28,2024-10-07
582,-67.61717664884598,45.74155247859295,2024-06-26,2024-07-23
583,-124.47084143855594,40.816429424266985,2024-02-24,2024-03-17
584,-94.33369112085009,31.279348729278443,2024-07-04,2024-07-10
585,-122.5301484170344,46.77120553560963,2024-04-07,2024-04-24
586,-93.39957075287192,37.53792234783673,2024-07-29,2024-08-04
587,-91.55670994495837,30.68951675718403,2024-01-21,2024-02-05
588,-84.60734839944169,25.80082340480229,2024-10-24,2024-11-12
589,-87.40499365547882,30.22174705135155,2024-03-17,2024-03-20
590,-86.77711170410372,37.41354441141122,2024-02-04,2024-02-13
591,-97.51599536280261,48.980544497845216,2024-08-02,2024-08-27
592,-74.42107679131354,35.331455767890375,2024-06-04,2024-06-16
593,-97.89125546525888,28.888796450851885,2024-08-21,2024-08-22
594,-91.22593299464322,38.026760099261516,2024-03-11,2024-04-04
595,-101.76412439505492,44.11678990884486,2024-09-03,2024-09-26
596,-75.34505786938762,47.88709551898559,2024-03-19,2024-04-03
597,-100.46916801371387,39.51348923262775,2024-09-11,2024-10-02
598,-121.64253346254803,35.212745616455635,2024-09-15,2024-09-23
599,-103.56722846587081,25.404903250638732,2024-12-29,2025-01-14
600,-109.10630708462672,41.37955212702132,2024-07-21,2024-08-03
601,-91.21332033296724,47.92005586615407,2024-11-04,2024-11-24
602,-115.77923714417817,47.92852399019553,2024-04-19,2024-05-08
603,-76.21622041326177,34.37697072192191,2024-07-22,2024-07-23
604,-71.23830564948254,28.494419144879988,2024-05-03,2024-05-31
605,-87.78488497078453,42.14229613823712,2024-12-13,2024-12-20
606,-92.78087482955928,37.92799272119497,2024-02-01,2024-02-14
607,-116.64504096315224,46.230659680730135,2024-11-12,2024-12-06
608,-87.15847768921073,40.41532604737152,2024-08-01,2024-08-24
609,-118.02692860677027,25.00431243356148,2024-12-18,2025-01-04
610,-96.26219817088864,34.0946218362217,2024-11-16,2024-11-18
611,-103.39645005574135,38.97479929642759,2024-11-19,2024-12-18
612,-89.34537536970731,41.816045386354716,2024-01-01,2024-01-29
613,-81.86336174661119,31.29845613970543,2024-06-21,2024-06-30
614,-96.53100051418976,46.68086585805177,2024-01-14,2024-01-26
615,-110.66554967935113,34.30277057069934,2024-03-29,2024-04-25
616,-88.48034790876093,41.504788017310744,2024-05-13,2024-05-15
617,-67.08776679036254,33.77851765710638,2024-07-31,2024-08-25
618,-113.03931131777344,36.38323655339887,2024-12-30,2025-01-24
619,-100.3393790921265,31.054807998654375,2024-11-06,2024-11-07
620,-69.9482188028677,37.58402579016594,2024-03-06,2024-03-10
621,-94.39387630977589,38.91345081683535,2024-07-26,2024-08-17
622,-78.2136960436149,38.27359772115385,2024-06-17,2024-07-03
623,-80.84047733727269,39.36758413693237,2024-09-25,2024-10-20
624,-81.67732651482035,45.40463948919659,2024-10-09,2024-10-15
625,-86.52478893502584,36.277918522786166,2024-06-02,2024-06-21
626,-73.78793196481051,33.025568605140144,2024-11-20,2024-11-29
627,-83.1717080057322,29.54705522763566,2024-11-11,2024-11-13
628,-67.73472805428034,44.709757794927995,2024-07-07,2024-07-26
629,-75.48112196010865,25.974413320763993,2024-12-20,2025-01-03
630,-73.05201197469427,27.2353991219105,2024-05-05,2024-06-03
631,-114.17345885563128,43.38034277116333,2024-04-11,2024-04-18
632,-84.79694828713048,27.91133315569662,2024-12-27,2025-01-01
633,-76.3753539111252,38.91835735991353,2024-06-18,2024-07-07
634,-92.23199862946962,46.53189923431884,2024-02-11,2024-02-14
635,-74.91019188925105,47.91835234961252,2024-05-13,2024-05-31
636,-81.91248887357709,30.08827084453348,2024-12-07,2024-12-21
637,-123.60815601460986,40.388626350186385,2024-11-02,2024-11-04
638,-100.47074259944182,38.58356924543031,2024-05-12,2024-05-14
639,-90.99313751147326,38.09767674509875,2024-03-04,2024-03-19
640,-118.46459010776253,26.53401770236541,2024-05-07,2024-05-23
641,-120.9655409755727,35.2988102348487,2024-01-15,2024-02-09
642,-94.09590052954582,44.42704503446671,2024-07-27,2024-07-30
643,-94.79436316809496,30.70691292647597,2024-05-05,2024-05-25
644,-92.43384475437068,28.883694058224698,2024-08-31,2024-09-07
645,-115.65745038900725,46.58978787192562,2024-01-25,2024-02-07
646,-71.27043390131306,33.73146347033077,2024-06-07,2024-07-01
647,-78.03351848230028,26.686020222018985,2024-03-01,2024-03-12
648,-73.64671646342734,33.304818557184795,2024-02-19,2024-03-09
649,-104.99028857858369,34.57324352275753,2024-09-24,2024-10-20
650,-79.58633306550794,48.34856461101196,2024-04-22,2024-05-17
651,-89.33182529817702,31.994447946483604,2024-10-05,2024-10-23
652,-71.99642246521857,26.37991043668168,2024-11-01,2024-11-09
653,-121.70816962971523,31.190283072383064,2024-07-25,2024-07-31
654,-67.2400024439004,29.2805854634207,2024-03-30,2024-04-03
655,-100.73279934717812,32.153814193536476,2024-11-12,2024-11-22
656,-121.58865837982131,43.33616921131123,2024-12-31,2025-01-26
657,-71.56983801517214,32.67626971485536,2024-02-09,2024-02-28
658,-107.46079028043562,43.849751823537886,2024-12-01,2024-12-20
659,-82.94012062402106,41.23718614340538,2024-05-03,2024-05-28
660,-112.81287242839147,46.55804260056637,2024-07-12,2024-08-08
661,-117.91400015824152,32.349835093814875,2024-07-30,2024-08-17
662,-93.72113995978373,43.50190737269632,2024-03-15,2024-03-26
663,-109.30746604934212,37.7916173255625,2024-07-01,2024-07-11
664,-74.3320218179716,39.53071323727137,2024-09-05,2024-10-04
665,-82.36427278898017,37.41517850540959,2024-05-21,2024-06-17
666,-118.98967812410083,48.9594415176245,2024-12-30,2025-01-24
667,-97.50411622463696,27.867349926854445,2024-02-27,2024-02-28
668,-118.71458390881384,27.942582603278616,2024-05-29,2024-06-23
669,-93.46141312474417,48.42519358679747,2024-03-13,2024-04-03
670,-86.42016419016436,37.01506481617223,2024-06-01,2024-06-25
671,-75.44483332398886,28.824303606860568,2024-04-21,2024-04-28
672,-73.61254682658516,29.287282031152756,2024-04-04,2024-04-13
673,-122.47511010248954,31.366825101175053,2024-07-23,2024-08-07
674,-68.30034317992715,28.425538022008062,2024-01-18,2024-01-30
675,-119.30643015818198,36.88975623164091,2024-12-18,2025-01-02
676,-74.31837181158787,35.95263082223433,2024-02-10,2024-02-17
677,-75.44652127747301,25.88865801861897,2024-09-28,2024-10-19
678,-104.0269401206755,26.574997947995154,2024-08-19,2024-09-16
679,-100.4736309437148,40.73408671357481,2024-02-13,2024-03-09
680,-76.62021916571692,32.98179657563086,2024-06-05,2024-06-12
681,-98.85509709068393,35.529644867875405,2024-10-01,2024-10-21
682,-115.36483267408002,44.27383128928389,2024-09-16,2024-09-29
683,-91.65291773690988,39.92629915634202,2024-11-29,2024-12-27
684,-84.58739375674007,39.292378389264485,2024-11-20,2024-12-09
685,-67.85561107437084,34.26239223625403,2024-12-02,2024-12-22
686,-112.62894451622503,47.81027352134578,2024-11-11,2024-12-09
687,-109.20939855597348,35.386190235051515,2024-08-04,2024-08-05
688,-101.73380806721127,45.017157181613356,2024-07-31,2024-08-27
689,-83.31455278257508,48.47286982093489,2024-08-27,2024-09-25
690,-107.15770264392566,37.86719276611634,2024-10-06,2024-11-03
691,-111.65152083812822,30.99903994752888,2024-12-25,2025-01-19
692,-100.30055259676595,26.204945437805787,2024-06-05,2024-06-12
693,-123.9255759579401,34.58210184526373,2024-12-13,2024-12-17
694,-93.19605142751999,41.1293635534121,2024-10-10,2024-10-29
695,-109.16785059622497,40.361425112924344,2024-09-25,2024-10-17
696,-118.85235960456309,42.68256451638265,2024-12-04,2024-12-23
697,-102.12712613643893,44.39297147051303,2024-05-06,2024-06-02
698,-122.89017590150594,39.2532603201829,2024-07-14,2024-07-19
699,-87.40835802991828,27.00655906867446,2024-07-28,2024-08-27
700,-83.92143274547117,42.32540686306084,2024-11-22,2024-12-19
701,-102.02840196621884,44.339768670410024,2024-11-05,2024-12-01
702,-79.03073876641642,33.96788960492833,2024-02-29,2024-03-30
703,-113.44499811155612,33.87940090538261,2024-08-22,2024-09-21
704,-77.4053488043073,36.45149905588751,2024-12-21,2025-01-20
705,-69.31460858589523,28.97105806128155,2024-02-09,2024-03-05
706,-88.63531471409493,41.251864485056146,2024-12-25,2025-01-05
707,-114.12860770575016,38.617590197116186,2024-11-17,2024-12-11
708,-123.92018020279606,46.724925362745516,2024-03-04,2024-04-03
709,-115.73572971699112,34.63851342257128,2024-03-21,2024-04-13
710,-104.5244254701009,25.541635624881433,2024-01-16,2024-02-01
711,-120.77412713847116,38.70063633955425,2024-01-03,2024-01-13
712,-96.68590817699307,29.61552884234813,2024-04-12,2024-04-19
713,-107.43644689382921,48.21577968744404,2024-05-23,2024-06-01
714,-110.00751064582312,47.41924769702533,2024-02-24,2024-03-22
715,-99.96947991537634,35.918355741066534,2024-11-22,2024-12-20
716,-108.45687078433107,33.957120101667854,2024-08-18,2024-09-04
717,-103.84072995620615,41.17377499051267,2024-09-19,2024-09-29
718,-110.67133413146229,46.250989345668316,2024-06-19,2024-07-04
719,-84.43455478055887,25.548427987302592,2024-06-26,2024-07-02
720,-99.40564967475228,47.55596864966667,2024-04-28,2024-05-23
721,-83.63162809097685,43.81088769688442,2024-06-29,2024-07-27
722,-101.54314486450562,27.16618114982138,2024-10-12,2024-10-22
723,-120.98400904883242,38.90597616443727,2024-07-26,2024-08-25
724,-122.64258317253967,37.65436263069783,2024-05-17,2024-06-15
725,-100.91519710332906,47.873500895240426,2024-08-22,2024-08-29
726,-70.01733900941892,25.503294550899298,2024-12-14,2024-12-31
727,-86.27635423985035,46.84644601314606,2024-07-25,2024-08-22
728,-111.82146162909306,47.710222431323416,2024-12-16,2025-01-14
729,-109.49624806328657,42.68473341590785,2024-08-28,2024-09-05
730,-111.69497598710691,42.84646038572126,2024-01-26,2024-02-03
731,-108.7746007182872,28.905210281096597,2024-12-19,2024-12-27
732,-114.56095216175186,40.40001462928484,2024-08-23,2024-09-07
733,-95.19666864482286,37.74886527209535,2024-02-01,2024-02-13
734,-69.11216342607472,42.840609196972466,2024-08-14,2024-09-08
735,-100.95475013317446,29.881905225780468,2024-10-10,2024-10-22
736,-73.78978561452433,28.334543606210666,2024-09-28,2024-10-13
737,-71.16602203851753,40.028365499604945,2024-11-13,2024-11-14
738,-76.76009838480444,32.51569219291311,2024-06-25,2024-07-01
739,-102.75216197001438,45.63112084174289,2024-05-19,2024-05-23
740,-78.89418567581217,35.49935888077047,2024-10-26,2024-11-16
741,-72.5859142341445,25.892209048961444,2024-05-26,2024-06-12
742,-93.64573361610388,33.45516750539028,2024-09-06,2024-09-24
743,-117.16802369315025,27.73192731057019,2024-12-16,2025-01-02
744,-73.41263242151207,29.74499071925809,2024-11-19,2024-12-08
745,-68.50202583267632,47.057833454933736,2024-06-25,2024-07-08
746,-85.84446739987094,47.583415973962005,2024-04-15,2024-05-15
747,-90.02950593064418,25.008708829115278,2024-05-27,2024-06-13
748,-94.95082675204179,45.113174708331684,2024-02-21,2024-03-04
749,-80.3712933953033,32.23365378652699,2024-11-03,2024-12-03
750,-112.04840162743501,36.105233734736494,2024-01-20,2024-01-27
751,-91.00078579200488,25.05561727005662,2024-08-01,2024-08-09
752,-68.50265927271406,46.815492903795175,2024-04-28,2024-04-29
753,-76.2748953339225,41.23340219660005,2024-11-17,2024-12-09
754,-98.53893493573935,28.26455527934997,2024-02-21,2024-03-14
755,-95.97271090137126,33.117156383259584,2024-10-30,2024-11-01
756,-120.76468623382571,43.5107763148032,2024-01-23,2024-02-20
757,-93.10559319753662,45.22864684947973,2024-09-02,2024-09-30
758,-107.33282535378197,47.04854877660106,2024-02-02,2024-03-02
759,-108.7468794988094,31.011083151195933,2024-01-18,2024-01-25
760,-87.04212352309783,39.36597036660692,2024-01-07,2024-01-30
761,-95.84297940209208,45.586745217189005,2024-08-02,2024-08-16
762,-110.56141717481844,27.82927177572233,2024-12-15,2025-01-02
763,-93.30474075670911,26.95150543878424,2024-12-06,2024-12-21
764,-86.74787949453975,32.27905150912102,2024-05-27,2024-06-07
765,-88.21013066481648,42.60988410862084,2024-06-25,2024-07-13
766,-105.36073457675614,43.19406910134802,2024-02-21,2024-03-19
767,-106.09939826299427,39.69866859747769,2024-11-18,2024-11-21
768,-81.33572254663325,34.58895461435473,2024-03-11,2024-04-08
769,-94.78445846955243,48.79057056344665,2024-09-13,2024-09-24
770,-81.716919347284,41.15914469487227,2024-10-29,2024-11-12
771,-69.22108567623022,29.568759389914128,2024-03-04,2024-03-13
772,-107.93884297429803,46.546078805448566,2024-02-21,2024-03-14
773,-82.51061949672533,41.7862816825591,2024-11-09,2024-12-04
774,-112.97770976791816,31.15456869815884,2024-02-14,2024-03-06
775,-69.82989668754652,48.75670333441195,2024-07-29,2024-08-08
776,-73.6061942401592,47.32594610240267,2024-05-07,2024-05-24
777,-96.31752609403019,45.5541338967701,2024-02-23,2024-03-03
778,-105.85459604930122,35.26753277624508,2024-04-29,2024-05-25
779,-108.22253346727315,46.25570098078752,2024-12-18,2024-12-28
780,-101.39115304189032,32.47914877549775,2024-08-28,2024-09-27
781,-80.35969018447867,46.36591471322974,2024-03-14,2024-03-22
782,-118.51437092892111,38.036058129241454,2024-08-24,2024-08-31
783,-85.92731777844926,33.218075186019256,2024-03-23,2024-04-12
784,-123.31900835348578,43.31699011688831,2024-08-09,2024-09-06
785,-73.97125701696721,26.382780743939687,2024-10-13,2024-10-19
786,-66.59441766370247,44.90880684697173,2024-08-27,2024-09-02
787,-82.37372067477392,42.13010300375728,2024-02-13,2024-02-20
788,-81.76419117683099,44.4773272192729,2024-09-28,2024-10-14
789,-78.7744878194156,35.68183129045969,2024-11-26,2024-12-18
790,-69.6861922443421,29.779909943174182,2024-01-27,2024-02-03
791,-115.21109249827376,47.06341746454264,2024-08-04,2024-08-08
792,-74.92213819647313,34.27979596700625,2024-08-14,2024-08-15
793,-104.63387133891086,34.22640896918964,2024-04-23,2024-05-01
794,-75.67641480614661,44.6853441830416,2024-01-28,2024-02-12
795,-95.23982875337282,39.09066798729642,2024-01-24,2024-02-23
796,-85.48982767648889,42.52530748333334,2024-11-14,2024-12-11
797,-117.77990533601256,35.032342041238564,2024-09-20,2024-10-15
798,-119.64232048222466,45.03337221601542,2024-05-10,2024-05-18
799,-79.9930894589032,48.51502760719326,2024-02-22,2024-03-08
800,-101.90421268996568,40.109903686002085,2024-02-07,2024-02-13
801,-109.78978725718133,32.34778125027296,2024-11-23,2024-11-24
802,-88.50765593902771,33.773119418854435,2024-03-16,2024-03-31
803,-99.43624386148396,32.96793404436023,2024-06-09,2024-06-26
804,-98.24054116270581,48.34848087933806,2024-03-23,2024-04-12
805,-110.97173281020667,37.26408798109693,2024-04-28,2024-05-03
806,-119.52247465105059,46.310661535924766,2024-07-31,2024-08-18
807,-82.25261627373797,40.1950217566398,2024-08-26,2024-09-24
808,-90.83582501559012,34.48279921499581,2024-12-21,2024-12-27
809,-75.78283596547642,45.57456723084689,2024-04-28,2024-05-23
810,-107.42749134858792,45.2163689801447,2024-07-14,2024-07-26
811,-118.1580066560895,38.49347130079721,2024-03-08,2024-03-09
812,-76.68946893220766,38.688184415610976,2024-03-30,2024-04-29
813,-108.0202198248914,39.38300217404104,2024-11-24,2024-12-09
814,-73.29489398083642,45.12691139901621,2024-09-18,2024-09-19
815,-117.85819443342078,36.201840500255464,2024-02-05,2024-03-03
816,-67.95944791522285,32.45385953323647,2024-07-07,2024-07-28
817,-85.84418332015562,42.29726972116809,2024-09-23,2024-10-01
818,-78.74728299110706,44.23797362368806,2024-03-14,2024-04-11
819,-101.52981858758321,27.849806585335106,2024-12-10,2025-01-08
820,-78.27739794022833,44.181704684504425,2024-09-06,2024-10-05
821,-75.37940939124547,48.57881315927313,2024-03-27,2024-04-09
822,-89.8887663460421,38.137203261961346,2024-10-23,2024-11-05
823,-87.63510127320458,27.64495831049679,2024-04-28,2024-05-23
824,-123.78939829561081,32.03497209023692,2024-10-26,2024-11-18
825,-94.03308669001166,35.965788389144976,2024-12-27,2025-01-16
826,-87.02762004155852,29.64867669008521,2024-01-19,2024-02-12
827,-69.91458747150236,42.615975996923694,2024-09-18,2024-09-30
828,-124.26209727630811,42.007693015312206,2024-10-31,2024-11-19
829,-100.77718694480262,46.102761664421735,2024-02-07,2024-02-08
830,-110.065354143882,29.460444585596242,2024-02-20,2024-03-02
831,-110.32425438187265,39.20961352858983,2024-11-16,2024-12-13
832,-79.10102343307207,32.01105406954722,2024-08-09,2024-08-13
833,-102.40916244711039,45.96283538589971,2024-03-26,2024-04-08
834,-120.80113440251156,28.240620632979635,2024-03-27,2024-04-12
835,-94.63267335196832,27.796193654901103,2024-11-26,2024-12-19
836,-67.67769661210478,38.118792802956634,2024-09-13,2024-10-09
837,-115.52495503836482,42.56236129665396,2024-01-20,2024-01-31
838,-116.28874698259796,34.28643606837631,2024-10-24,2024-10-29
839,-88.86340683462598,42.10290771123836,2024-10-17,2024-10-20
840,-114.36264024268493,35.99650204174489,2024-10-29,2024-11-15
841,-78.59405573991205,39.11457354861352,2024-08-04,2024-08-24
842,-114.38975684212527,43.5570786932654,2024-04-30,2024-05-24
843,-66.74272360502377,46.634520976355475,2024-07-24,2024-08-14
844,-119.24627602798728,26.843031012572617,2024-06-12,2024-06-26
845,-91.03886087576714,35.54139870487279,2024-04-09,2024-04-25
846,-106.79812470950905,31.336585653492968,2024-01-29,2024-02-28
847,-102.91736715238947,29.36644799528132,2024-08-27,2024-09-26
848,-90.89287466199839,37.90372631386988,2024-05-03,2024-05-21
849,-110.24438647838691,38.02004850123902,2024-05-18,2024-05-19
850,-120.26622766534489,42.82217200248183,2024-08-04,2024-08-07
851,-103.19005379574612,44.15618368930784,2024-04-04,2024-04-14
852,-67.88517113780189,30.726743071701065,2024-10-04,2024-10-08
853,-71.43747206236206,35.315089351923504,2024-05-11,2024-05-12
854,-72.3563867319937,37.66767098589347,2024-05-25,2024-06-20
855,-84.44530655983185,38.817748952874645,2024-10-05,2024-10-23
856,-96.77907502647062,28.966249936202864,2024-01-05,2024-02-01
857,-107.86838206707299,42.79320872975019,2024-07-24,2024-08-04
858,-85.23612661687034,29.893469586821798,2024-02-02,2024-02-29
859,-88.67988694432668,37.5879287598561,2024-07-24,2024-08-01
860,-89.6684136039666,41.07020555867446,2024-05-31,2024-06-02
861,-88.0969745379214,31.873397606429485,2024-10-17,2024-11-13
862,-92.48578920580056,33.1962536248092,2024-10-18,2024-11-07
863,-112.04845258100205,42.194903491805064,2024-05-28,2024-06-25
864,-124.51662021505918,32.65728487879808,2024-10-15,2024-10-18
865,-71.11165146476834,31.74676300496892,2024-10-14,2024-10-29
866,-66.48529737433311,36.41740768487786,2024-11-20,2024-12-06
867,-72.83885406924435,26.89539891991661,2024-04-30,2024-05-22
868,-123.89032576803307,27.283164929292585,2024-06-15,2024-07-09
869,-87.66582981567231,34.54947168250703,2024-06-10,2024-06-28
870,-86.14585248685205,35.313895860142054,2024-02-20,2024-03-13
871,-116.138220341022,25.01505421417034,2024-10-28,2024-11-24
872,-73.32332951003809,47.14127878320632,2024-12-10,2024-12-17
873,-86.9157490059637,41.8656770448166,2024-02-18,2024-03-04
874,-113.20281760904199,33.5017900999526,2024-06-24,2024-07-23
875,-94.45197127435907,36.87143103640568,2024-01-04,2024-01-10
876,-73.18625732425454,35.54617366034867,2024-04-16,2024-05-09
877,-114.00596498283585,31.192823272246187,2024-04-18,2024-05-10
878,-122.04043472028908,41.78198495711738,2024-06-05,2024-06-06
879,-85.90350209939379,41.75346124409456,2024-07-01,2024-07-21
880,-115.06106531974682,36.12835571466989,2024-01-20,2024-02-14
881,-121.71094043345697,47.009682579537284,2024-06-13,2024-07-03
882,-113.83868304348877,48.04550601242357,2024-08-17,2024-08-18
883,-97.501181396942,36.95584805098942,2024-07-28,2024-08-07
884,-106.2878039556264,37.824197929082885,2024-09-16,2024-09-17
885,-112.3440726713458,26.525392172839773,2024-09-12,2024-09-24
886,-116.95081580628465,39.907250581264066,2024-03-07,2024-03-15
887,-114.91242753608077,37.78999939531915,2024-08-26,2024-08-28
888,-103.33396895112072,38.54511249553026,2024-01-01,2024-01-04
889,-82.51582610126634,42.95375735395886,2024-03-17,2024-03-30
890,-119.75707693893222,35.23197303769691,2024-10-09,2024-10-23
891,-93.66748506349757,25.061639057507584,2024-07-03,2024-07-12
892,-66.91743056251391,33.887465278599066,2024-10-04,2024-10-08
893,-74.41840114922664,43.13308315142807,2024-11-08,2024-11-15
894,-68.07885668529836,28.800098243642694,2024-06-15,2024-07-12
895,-106.3588231929657,38.70835755283207,2024-04-05,2024-04-09
896,-79.01915506862528,36.416218508476916,2024-05-23,2024-06-15
897,-70.76896094711682,46.812897462904836,2024-03-03,2024-03-05
898,-100.91031858271076,33.98008928400573,2024-09-07,2024-09-09
899,-119.85595324281867,47.467125098135114,2024-08-07,2024-08-21
900,-91.20142127655055,39.85945153590861,2024-07-05,2024-07-30
901,-69.95239367117524,34.46054363272586,2024-03-03,2024-03-26
902,-66.22532830166662,42.19384313309048,2024-04-13,2024-04-26
903,-78.24890816958109,45.96708621306966,2024-03-13,2024-04-06
904,-93.5898421843093,29.227175330709876,2024-11-23,2024-12-12
905,-95.97725851304068,32.597741653353076,2024-09-02,2024-10-02
906,-83.53336815512945,43.792680100658394,2024-10-18,2024-10-23
907,-93.42823949464908,28.725749822770503,2024-11-24,2024-12-09
908,-92.70124652769854,30.521110064547972,2024-07-07,2024-07-22
909,-114.16534606887036,31.638773636550678,2024-11-28,2024-12-17
910,-85.62928446470133,48.11070388750744,2024-07-11,2024-08-09
911,-114.33290443326548,27.830337342612445,2024-04-29,2024-05-25
912,-69.9904656879369,25.996768004430916,2024-04-01,2024-04-08
913,-98.14047907802055,48.23647813678812,2024-07-28,2024-07-30
914,-86.0188585140739,43.88073418437946,2024-01-01,2024-01-13
915,-68.84712648965188,36.62555293102032,2024-06-28,2024-07-19
916,-81.97083201009372,31.673122669058223,2024-10-19,2024-10-31
917,-76.59277145106682,46.83387572924812,2024-09-26,2024-10-19
918,-122.38309129378922,32.12828294004816,2024-09-03,2024-10-02
919,-117.63231009555413,44.22467795944689,2024-11-15,2024-11-30
920,-80.12322247083826,29.58494991671242,2024-06-29,2024-07-27
921,-72.1994002358299,31.642379704429683,2024-08-09,2024-09-01
922,-99.86993572562979,46.83522961833862,2024-01-09,2024-01-30
923,-99.95876317753965,35.13589996259668,2024-01-16,2024-01-20
924,-121.31197343663584,39.379879459241785,2024-05-13,2024-06-04
925,-92.98631855308415,47.046983028830695,2024-04-27,2024-05-26
926,-104.7968398556959,36.97846693134427,2024-11-17,2024-11-21
927,-124.4687996778834,32.07859668932565,2024-01-19,2024-01-22
928,-101.77059304478365,26.53460511650911,2024-02-12,2024-02-18
929,-77.85905940892975,32.197981635369835,2024-09-25,2024-10-24
930,-81.08279175502346,31.546977720015498,2024-06-12,2024-06-30
931,-81.67571760789227,42.03338179022035,2024-08-06,2024-08-14
932,-66.49785347413592,43.02760371423567,2024-08-04,2024-08-17
933,-107.60487015657532,36.97469960031184,2024-09-25,2024-10-02
934,-77.43519452574077,38.41054778712697,2024-07-29,2024-08-10
935,-88.8494918451272,31.09157577032649,2024-02-11,2024-02-16
936,-66.03089582095924,48.72112577329982,2024-12-13,2025-01-05
937,-99.10371606380305,34.41451624869167,2024-08-13,2024-08-30
938,-89.75943045363587,47.52421354479246,2024-05-26,2024-06-16
939,-119.607786071238,32.12664942814506,2024-01-13,2024-01-26
940,-92.16905374636524,40.16314198263247,2024-02-06,2024-03-01
941,-66.36714235253928,35.129798600948,2024-05-31,2024-06-09
942,-81.27565325055747,46.48574207164379,2024-07-21,2024-08-08
943,-75.27679024116186,43.438144132630015,2024-07-01,2024-07-31
944,-109.3735831254564,41.292939876765644,2024-02-01,2024-02-18
945,-99.30618425378432,36.8119402812635,2024-01-21,2024-02-04
946,-107.89938408232373,38.77672760016435,2024-01-05,2024-02-04
947,-124.60182058785064,41.27960759419753,2024-07-28,2024-08-04
948,-92.34831241730055,44.70892823869568,2024-03-21,2024-04-17
949,-71.86921567420869,42.18696946732351,2024-08-04,2024-08-29
950,-74.86631561040393,30.085056345697453,2024-12-11,2024-12-23
951,-70.61585874173937,48.000812966976554,2024-06-12,2024-06-21
952,-121.82812360350286,37.31715579608553,2024-06-22,2024-07-01
953,-75.45422584360065,33.25170737515007,2024-01-16,2024-02-08
954,-93.5591783054554,33.12455668238724,2024-06-23,2024-06-29
955,-81.00878736328923,43.63314658389006,2024-02-28,2024-03-03
956,-66.91014003628229,40.49891943149416,2024-01-30,2024-02-14
957,-106.29942973657012,45.55177041230391,2024-04-28,2024-05-21
958,-71.03052083458383,34.4273581141623,2024-04-05,2024-04-18
959,-107.25485679155764,34.40822313349629,2024-05-21,2024-06-14
960,-99.66363155237461,38.27151585635191,2024-02-08,2024-03-04
961,-100.9858672507203,26.572131389637057,2024-04-02,2024-04-04
962,-112.50143040195258,41.50673445853927,2024-03-20,2024-04-19
963,-115.36997664185836,39.32818386992789,2024-08-25,2024-09-10
964,-91.37034381014061,25.56123099413335,2024-07-17,2024-07-20
965,-91.30675976189596,42.314519047419346,2024-05-07,2024-05-31
966,-72.94869342303768,27.940608943763728,2024-07-16,2024-07-21
967,-81.77196020125612,28.772250760672367,2024-03-08,2024-03-14
968,-75.21707565327173,25.146355967096078,2024-05-14,2024-05-27
969,-72.29157464923608,46.51974319612363,2024-05-17,2024-05-30
970,-66.14527141988837,44.4640608807468,2024-06-23,2024-07-21
971,-122.23459672455037,39.77324478036354,2024-02-25,2024-03-13
972,-80.74049124178163,41.44423683335945,2024-09-27,2024-10-22
973,-122.86280253836169,39.025200784451116,2024-08-13,2024-08-19
974,-117.35161043389522,38.57221191221039,2024-07-21,2024-08-01
975,-95.97704901744126,43.913799682249014,2024-01-21,2024-01-28
976,-88.93390103384635,27.825187134340666,2024-06-16,2024-07-12
977,-106.44276340890546,28.219050084871583,2024-07-14,2024-08-13
978,-120.55270218979881,29.782479871451063,2024-01-07,2024-01-22
979,-91.71203137287891,48.91665086443922,2024-02-06,2024-02-17
980,-70.75813672278727,38.03242945357853,2024-01-28,2024-02-13
981,-110.7167507971622,37.10172188598719,2024-05-02,2024-05-13
982,-91.9394594925857,35.149240729160596,2024-07-31,2024-08-21
983,-114.01413907041855,27.309959390611887,2024-06-26,2024-07-12
984,-107.97882840169424,38.535932519262424,2024-06-27,2024-07-21
985,-114.93864351384566,34.75901869406283,2024-08-21,2024-08-29
986,-80.45463538321661,40.798860094576895,2024-01-26,2024-02-24
987,-107.98767941042712,40.78028299718138,2024-01-07,2024-01-18
988,-122.63598990021669,27.83019547793742,2024-04-17,2024-05-01
989,-97.37691472942214,43.830424129149286,2024-03-24,2024-04-14
990,-90.84020041933414,36.32984557014285,2024-04-21,2024-05-08
991,-86.35464441415462,28.135764082690226,2024-10-04,2024-10-06
992,-96.29153508920794,41.411408542169454,2024-08-25,2024-09-05
993,-99.5605888656008,32.409670445879705,2024-07-13,2024-07-20
994,-119.73672959595405,41.388729398463724,2024-01-03,2024-01-18
995,-88.68077053141386,46.57882419274583,2024-06-15,2024-07-12
996,-77.84079485344074,29.289507236727452,2024-11-06,2024-11-26
997,-100.97528528640674,37.58587469455451,2024-10-05,2024-10-12
998,-79.17128603210782,45.682747706939736,2024-02-21,2024-03-18
999,-74.89840727016899,26.424495863109676,2024-06-04,2024-06-20
1000,-95.36592834016666,30.448343842466493,2024-07-17,2024-08-05
